Workbook

Sheet Data_Dictionary
A1: DATA DICTIONARY — School Computer Laboratory Analysis
A3: Variable | B3: Data Type | C3: Description | D3: Example / Valid Range
A4: Record_ID | B4: Text | C4: Unique identifier assigned to each laboratory session record. | D4: L7000 - L7049 (50 unique IDs)
A5: Day | B5: Numeric (Integer) | C5: Sequential day number on which the laboratory session took place. | D5: 1 - 50
A6: Course | B6: Text (Categorical) | C6: Academic course/subject the laboratory session was used for. | D6: Programming, Web Development, Networking, DBMS
A7: Lab_Room | B7: Text (Categorical) | C7: Computer laboratory room where the session was held. | D7: Lab 1, Lab 2, Lab 3
A8: Students_Present | B8: Numeric (Integer) | C8: Number of students who attended the laboratory session. | D8: 15 - 40 students
A9: Computers_Used | B9: Numeric (Integer) | C9: Number of computers actually used/occupied during the session. | D9: 15 - 39 units (must be ≤ Students_Present)
A10: Hours_Used | B10: Numeric (Integer) | C10: Number of hours the laboratory was used during the session. | D10: 1 - 4 hours
A11: Equipment_Issues | B11: Numeric (Integer) | C11: Count of equipment-related problems reported during the session (e.g., dead units, peripherals). | D11: 0 - 4 issues
A12: Internet_Downtime_Minutes | B12: Numeric (Integer) | C12: Number of minutes the internet connection was down/unavailable during the session. | D12: 1 - 59 minutes
A13: Instructor_Rating | B13: Numeric (Decimal) | C13: Instructor's satisfaction rating of the laboratory session/facility. | D13: 1.0 - 5.0 (5 = highest satisfaction)

Sheet Raw_Data
A1: Record_ID | B1: Day | C1: Course | D1: Lab_Room | E1: Students_Present | F1: Computers_Used | G1: Hours_Used | H1: Equipment_Issues | I1: Internet_Downtime_Minutes | J1: Instructor_Rating
A2: L7000 | B2: 1 | C2: Programming | D2: Lab 3 | E2: 30 | F2: 28 | G2: 4 | H2: 0 | I2: 59 | J2: 2.8
A3: L7001 | B3: 2 | C3: Web Development | D3: Lab 2 | E3: 32 | F3: 23 | G3: 4 | H3: 4 | I3: 43 | J3: 3
A4: L7002 | B4: 3 | C4: Programming | D4: Lab 2 | E4: 16 | F4: 16 | G4: 4 | H4: 3 | I4: 17 | J4: 3.4
A5: L7003 | B5: 4 | C5: Networking | D5: Lab 3 | E5: 19 | F5: 18 | G5: 4 | H5: 1 | I5: 10 | J5: 4.7
A6: L7004 | B6: 5 | C6: Web Development | D6: Lab 1 | E6: 39 | F6: 28 | G6: 3 | H6: 1 | I6: 52 | J6: 2.8
A7: L7005 | B7: 6 | C7: DBMS | D7: Lab 1 | E7: 34 | F7: 30 | G7: 2 | H7: 3 | I7: 54 | J7: 2.8
A8: L7006 | B8: 7 | C8: Networking | D8: Lab 2 | E8: 36 | F8: 36 | G8: 3 | H8: 4 | I8: 20 | J8: 3.4
A9: L7007 | B9: 8 | C9: Web Development | D9: Lab 1 | E9: 35 | F9: 35 | G9: 2 | H9: 2 | I9: 45 | J9: 3.1
A10: L7008 | B10: 9 | C10: DBMS | D10: Lab 1 | E10: 31 | F10: 31 | G10: 1 | H10: 0 | I10: 8 | J10: 5
A11: L7009 | B11: 10 | C11: Programming | D11: Lab 1 | E11: 27 | F11: 27 | G11: 4 | H11: 3 | I11: 52 | J11: 2.8
A12: L7010 | B12: 11 | C12: DBMS | D12: Lab 2 | E12: 24 | F12: 22 | G12: 2 | H12: 3 | I12: 26 | J12: 3.5
A13: L7011 | B13: 12 | C13: DBMS | D13: Lab 3 | E13: 16 | F13: 16 | G13: 3 | H13: 4 | I13: 7 | J13: 3.3
... A51: L7049 | B51: 50 | C51: Web Development | D51: Lab 3 | E51: 28 | F51: 28 | G51: 1 | H51: 4 | I51: 30 | J51: 2.1
H62: =AVERAGE(H2:H51) -> 2.18

Sheet Cleaned_Data
A1: DATA CLEANING LOG
A3: Check performed | E3: Live result
A4: Duplicate Record_ID check | E4: =SUMPRODUCT((COUNTIF(A12:A61,A12:A61)>1)*1)&" duplicate Record_ID(s) found out of 50 records." -> 0 duplicate Record_ID(s) found out of 50 records.
A5: Missing / blank values check | E5: =COUNTBLANK(A12:J61)&" blank cell(s) found across all fields." -> 0 blank cell(s) found across all fields.
A6: Invalid value – Computers_Used > Students_Present | E6: =SUMPRODUCT((F12:F61>E12:E61)*1)&" record(s) where computers used exceeds students present." -> 0 record(s) where computers used exceeds students present.
A7: Invalid value – Instructor_Rating outside 1-5 range | E7: =SUMPRODUCT(((J12:J61<1)+(J12:J61>5))*1)&" record(s) outside the valid 1.0-5.0 rating scale." -> 0 record(s) outside the valid 1.0-5.0 rating scale.
A8: Invalid value – negative Hours/Equipment/Downtime | E8: =SUMPRODUCT((G12:G61<0)+(H12:H61<0)+(I12:I61<0))&" negative value(s) found." -> 0 negative value(s) found.
A9: Conclusion | E9: Raw data was already well-formed: no duplicates, no blanks, and no logically invalid values were found. No rows were removed or altered; the table below is the verified, analysis-ready dataset used for all subsequent tasks.
A10: VERIFIED / CLEANED DATASET (50 records)
A11: Record_ID | B11: Day | C11: Course | D11: Lab_Room | E11: Students_Present | F11: Computers_Used | G11: Hours_Used | H11: Equipment_Issues | I11: Internet_Downtime_Minutes | J11: Instructor_Rating
A12: =Raw_Data!A2 -> L7000 | B12: =Raw_Data!B2 -> 1 | C12: =Raw_Data!C2 -> Programming | D12: =Raw_Data!D2 -> Lab 3 | E12: =Raw_Data!E2 -> 30 | F12: =Raw_Data!F2 -> 28 | G12: =Raw_Data!G2 -> 4 | H12: =Raw_Data!H2 -> 0 | ... J12: =Raw_Data!J2 -> 2.8
A13: =Raw_Data!A3 -> L7001 | B13: =Raw_Data!B3 -> 2 | C13: =Raw_Data!C3 -> Web Development | D13: =Raw_Data!D3 -> Lab 2 | E13: =Raw_Data!E3 -> 32 | F13: =Raw_Data!F3 -> 23 | G13: =Raw_Data!G3 -> 4 | H13: =Raw_Data!H3 -> 4 | ... J13: =Raw_Data!J3 -> 3
A14: =Raw_Data!A4 -> L7002 | B14: =Raw_Data!B4 -> 3 | C14: =Raw_Data!C4 -> Programming | D14: =Raw_Data!D4 -> Lab 2 | E14: =Raw_Data!E4 -> 16 | F14: =Raw_Data!F4 -> 16 | G14: =Raw_Data!G4 -> 4 | H14: =Raw_Data!H4 -> 3 | ... J14: =Raw_Data!J4 -> 3.4
A15: =Raw_Data!A5 -> L7003 | B15: =Raw_Data!B5 -> 4 | C15: =Raw_Data!C5 -> Networking | D15: =Raw_Data!D5 -> Lab 3 | E15: =Raw_Data!E5 -> 19 | F15: =Raw_Data!F5 -> 18 | G15: =Raw_Data!G5 -> 4 | H15: =Raw_Data!H5 -> 1 | ... J15: =Raw_Data!J5 -> 4.7
A16: =Raw_Data!A6 -> L7004 | B16: =Raw_Data!B6 -> 5 | C16: =Raw_Data!C6 -> Web Development | D16: =Raw_Data!D6 -> Lab 1 | E16: =Raw_Data!E6 -> 39 | F16: =Raw_Data!F6 -> 28 | G16: =Raw_Data!G6 -> 3 | H16: =Raw_Data!H6 -> 1 | ... J16: =Raw_Data!J6 -> 2.8
A17: =Raw_Data!A7 -> L7005 | B17: =Raw_Data!B7 -> 6 | C17: =Raw_Data!C7 -> DBMS | D17: =Raw_Data!D7 -> Lab 1 | E17: =Raw_Data!E7 -> 34 | F17: =Raw_Data!F7 -> 30 | G17: =Raw_Data!G7 -> 2 | H17: =Raw_Data!H7 -> 3 | ... J17: =Raw_Data!J7 -> 2.8
A18: =Raw_Data!A8 -> L7006 | B18: =Raw_Data!B8 -> 7 | C18: =Raw_Data!C8 -> Networking | D18: =Raw_Data!D8 -> Lab 2 | E18: =Raw_Data!E8 -> 36 | F18: =Raw_Data!F8 -> 36 | G18: =Raw_Data!G8 -> 3 | H18: =Raw_Data!H8 -> 4 | ... J18: =Raw_Data!J8 -> 3.4
A19: =Raw_Data!A9 -> L7007 | B19: =Raw_Data!B9 -> 8 | C19: =Raw_Data!C9 -> Web Development | D19: =Raw_Data!D9 -> Lab 1 | E19: =Raw_Data!E9 -> 35 | F19: =Raw_Data!F9 -> 35 | G19: =Raw_Data!G9 -> 2 | H19: =Raw_Data!H9 -> 2 | ... J19: =Raw_Data!J9 -> 3.1
A20: =Raw_Data!A10 -> L7008 | B20: =Raw_Data!B10 -> 9 | C20: =Raw_Data!C10 -> DBMS | D20: =Raw_Data!D10 -> Lab 1 | E20: =Raw_Data!E10 -> 31 | F20: =Raw_Data!F10 -> 31 | G20: =Raw_Data!G10 -> 1 | H20: =Raw_Data!H10 -> 0 | ... J20: =Raw_Data!J10 -> 5
A21: =Raw_Data!A11 -> L7009 | B21: =Raw_Data!B11 -> 10 | C21: =Raw_Data!C11 -> Programming | D21: =Raw_Data!D11 -> Lab 1 | E21: =Raw_Data!E11 -> 27 | F21: =Raw_Data!F11 -> 27 | G21: =Raw_Data!G11 -> 4 | H21: =Raw_Data!H11 -> 3 | ... J21: =Raw_Data!J11 -> 2.8
A22: =Raw_Data!A12 -> L7010 | B22: =Raw_Data!B12 -> 11 | C22: =Raw_Data!C12 -> DBMS | D22: =Raw_Data!D12 -> Lab 2 | E22: =Raw_Data!E12 -> 24 | F22: =Raw_Data!F12 -> 22 | G22: =Raw_Data!G12 -> 2 | H22: =Raw_Data!H12 -> 3 | ... J22: =Raw_Data!J12 -> 3.5
A23: =Raw_Data!A13 -> L7011 | B23: =Raw_Data!B13 -> 12 | C23: =Raw_Data!C13 -> DBMS | D23: =Raw_Data!D13 -> Lab 3 | E23: =Raw_Data!E13 -> 16 | F23: =Raw_Data!F13 -> 16 | G23: =Raw_Data!G13 -> 3 | H23: =Raw_Data!H13 -> 4 | ... J23: =Raw_Data!J13 -> 3.3
... A61: =Raw_Data!A51 -> L7049 | B61: =Raw_Data!B51 -> 50 | C61: =Raw_Data!C51 -> Web Development | D61: =Raw_Data!D51 -> Lab 3 | E61: =Raw_Data!E51 -> 28 | F61: =Raw_Data!F51 -> 28 | G61: =Raw_Data!G51 -> 1 | H61: =Raw_Data!H51 -> 4 | ... J61: =Raw_Data!J51 -> 2.1

Sheet Descriptive_Statistics
A1: DESCRIPTIVE STATISTICS — Laboratory Usage Variables
A3: Variable | B3: Mean | C3: Median | D3: Minimum | E3: Maximum | F3: Std. Deviation | G3: Total (Sum)
A4: Students_Present | B4: =AVERAGE(Cleaned_Data!E12:E61) -> 28 | C4: =Raw_Data!E54 -> 0 | D4: =Raw_Data!E55=MIN(Cleaned_Data!E12:E61) -> FALSE | E4: =MAX(Cleaned_Data!E12:E61) -> 40 | F4: =STDEV(Cleaned_Data!E12:E61) -> 7.5511859 | G4: =SUM(Cleaned_Data!E12:E61) -> 1400
A5: Computers_Used | B5: =AVERAGE(Cleaned_Data!F12:F61) -> 24 | C5: =MEDIAN(Cleaned_Data!F12:F61) -> 23.5 | D5: =MIN(Cleaned_Data!F12:F61) -> 15 | E5: =MAX(Cleaned_Data!F12:F61) -> 39 | F5: =STDEV(Cleaned_Data!F12:F61) -> 5.9350223 | G5: =SUM(Cleaned_Data!F12:F61) -> 1200
A6: Hours_Used | B6: =AVERAGE(Cleaned_Data!G12:G61) -> 2.5 | C6: =MEDIAN(Cleaned_Data!G12:G61) -> 2 | D6: =MIN(Cleaned_Data!G12:G61) -> 1 | E6: =MAX(Cleaned_Data!G12:G61) -> 4 | F6: =STDEV(Cleaned_Data!G12:G61) -> 1.1473127 | G6: =SUM(Cleaned_Data!G12:G61) -> 125
A7: Equipment_Issues | B7: =AVERAGE(Cleaned_Data!H12:H61) -> 2.18 | C7: =MEDIAN(Cleaned_Data!H12:H61) -> 2.5 | D7: =MIN(Cleaned_Data!H12:H61) -> 0 | E7: =MAX(Cleaned_Data!H12:H61) -> 4 | F7: =STDEV(Cleaned_Data!H12:H61) -> 1.5477436 | G7: =SUM(Cleaned_Data!H12:H61) -> 109
A8: Internet_Downtime_Minutes | B8: =AVERAGE(Cleaned_Data!I12:I61) -> 27.56 | C8: =MEDIAN(Cleaned_Data!I12:I61) -> 24 | D8: =MIN(Cleaned_Data!I12:I61) -> 1 | E8: =MAX(Cleaned_Data!I12:I61) -> 59 | F8: =STDEV(Cleaned_Data!I12:I61) -> 18.379403 | G8: =SUM(Cleaned_Data!I12:I61) -> 1378
A9: Instructor_Rating | B9: =AVERAGE(Cleaned_Data!J12:J61) -> 3.498 | C9: =MEDIAN(Cleaned_Data!J12:J61) -> 3.5 | D9: =MIN(Cleaned_Data!J12:J61) -> 1.7 | E9: =MAX(Cleaned_Data!J12:J61) -> 5 | F9: =STDEV(Cleaned_Data!J12:J61) -> 0.85224553 | G9: =SUM(Cleaned_Data!J12:J61) -> 174.9

Sheet Course_Analysis
A1: LABORATORY USAGE ANALYSIS BY COURSE
A3: Course | B3: Number of Sessions | C3: Avg. Students Present | D3: Avg. Computers Used | E3: Avg. Hours Used | F3: Total Hours Used | G3: Avg. Internet Downtime (min) | H3: Avg. Instructor Rating
A4: DBMS | B4: =COUNTIF(Cleaned_Data!C12:C61,A4) -> 12 | C4: =AVERAGEIF(Cleaned_Data!C12:C61,A4,Cleaned_Data!E12:E61) -> 31.5 | D4: =AVERAGEIF(Cleaned_Data!C12:C61,A4,Cleaned_Data!F12:F61) -> 25.916667 | E4: =AVERAGEIF(Cleaned_Data!C12:C61,A4,Cleaned_Data!G12:G61) -> 2.3333333 | F4: =SUMIF(Cleaned_Data!C12:C61,A4,Cleaned_Data!G12:G61) -> 28 | G4: =AVERAGEIF(Cleaned_Data!C12:C61,A4,Cleaned_Data!I12:I61) -> 22.916667 | H4: =AVERAGEIF(Cleaned_Data!C12:C61,A4,Cleaned_Data!J12:J61) -> 3.6166667
A5: Networking | B5: =COUNTIF(Cleaned_Data!C12:C61,A5) -> 17 | C5: =AVERAGEIF(Cleaned_Data!C12:C61,A5,Cleaned_Data!E12:E61) -> 28.058824 | D5: =AVERAGEIF(Cleaned_Data!C12:C61,A5,Cleaned_Data!F12:F61) -> 23.058824 | E5: =AVERAGEIF(Cleaned_Data!C12:C61,A5,Cleaned_Data!G12:G61) -> 2.7058824 | F5: =SUMIF(Cleaned_Data!C12:C61,A5,Cleaned_Data!G12:G61) -> 46 | G5: =AVERAGEIF(Cleaned_Data!C12:C61,A5,Cleaned_Data!I12:I61) -> 27.941176 | H5: =AVERAGEIF(Cleaned_Data!C12:C61,A5,Cleaned_Data!J12:J61) -> 3.4823529
A6: Programming | B6: =COUNTIF(Cleaned_Data!C12:C61,A6) -> 9 | C6: =AVERAGEIF(Cleaned_Data!C12:C61,A6,Cleaned_Data!E12:E61) -> 24.555556 | D6: =AVERAGEIF(Cleaned_Data!C12:C61,A6,Cleaned_Data!F12:F61) -> 23.666667 | E6: =AVERAGEIF(Cleaned_Data!C12:C61,A6,Cleaned_Data!G12:G61) -> 3 | F6: =SUMIF(Cleaned_Data!C12:C61,A6,Cleaned_Data!G12:G61) -> 27 | G6: =AVERAGEIF(Cleaned_Data!C12:C61,A6,Cleaned_Data!I12:I61) -> 28.111111 | H6: =AVERAGEIF(Cleaned_Data!C12:C61,A6,Cleaned_Data!J12:J61) -> 3.6777778
A7: Web Development | B7: =COUNTIF(Cleaned_Data!C12:C61,A7) -> 12 | C7: =AVERAGEIF(Cleaned_Data!C12:C61,A7,Cleaned_Data!E12:E61) -> 27 | D7: =AVERAGEIF(Cleaned_Data!C12:C61,A7,Cleaned_Data!F12:F61) -> 23.666667 | E7: =AVERAGEIF(Cleaned_Data!C12:C61,A7,Cleaned_Data!G12:G61) -> 2 | F7: =SUMIF(Cleaned_Data!C12:C61,A7,Cleaned_Data!G12:G61) -> 24 | G7: =AVERAGEIF(Cleaned_Data!C12:C61,A7,Cleaned_Data!I12:I61) -> 31.25 | H7: =AVERAGEIF(Cleaned_Data!C12:C61,A7,Cleaned_Data!J12:J61) -> 3.2666667
A8: TOTAL / OVERALL | B8: =SUM(B4:B7) -> 50 | C8: =AVERAGE(Cleaned_Data!E12:E61) -> 28 | D8: =AVERAGE(Cleaned_Data!F12:F61) -> 24 | E8: =AVERAGE(Cleaned_Data!G12:G61) -> 2.5 | F8: =SUM(Cleaned_Data!G12:G61) -> 125 | G8: =AVERAGE(Cleaned_Data!I12:I61) -> 27.56 | H8: =AVERAGE(Cleaned_Data!J12:J61) -> 3.498
A10: Interpretation:
A11: DBMS sessions have the highest average number of students present and the highest average number of computers used per session, indicating it is the most heavily attended/utilized course in the labs. Programming sessions run for the most hours on average, while Web Development sessions run the fewest average hours despite a mid-range number of students, suggesting shorter, more frequent lab sessions for that course.

Sheet LabRoom_Analysis
A1: LABORATORY ROOM UTILIZATION ANALYSIS
A3: Lab Room | B3: Number of Sessions | C3: Avg. Students Present | D3: Avg. Computers Used | E3: Total Computers Used | F3: Total Equipment Issues | G3: Avg. Internet Downtime (min) | H3: Avg. Instructor Rating | I3: Highest Computer Usage?
A4: Lab 1 | B4: =COUNTIF(Cleaned_Data!D12:D61,A4) -> 20 | C4: =AVERAGEIF(Cleaned_Data!D12:D61,A4,Cleaned_Data!E12:E61) -> 28.75 | D4: =AVERAGEIF(Cleaned_Data!D12:D61,A4,Cleaned_Data!F12:F61) -> 25.75 | E4: =SUMIF(Cleaned_Data!D12:D61,A4,Cleaned_Data!F12:F61) -> 515 | F4: =SUMIF(Cleaned_Data!D12:D61,A4,Cleaned_Data!H12:H61) -> 37 | G4: =AVERAGEIF(Cleaned_Data!D12:D61,A4,Cleaned_Data!I12:I61) -> 29.7 | H4: =AVERAGEIF(Cleaned_Data!D12:D61,A4,Cleaned_Data!J12:J61) -> 3.545 | I4: =IF(E4=MAX($E$4:$E$6),"✓ YES — Highest total computers used","") -> ✓ YES — Highest total computers used
A5: Lab 2 | B5: =COUNTIF(Cleaned_Data!D12:D61,A5) -> 15 | C5: =AVERAGEIF(Cleaned_Data!D12:D61,A5,Cleaned_Data!E12:E61) -> 29.266667 | D5: =AVERAGEIF(Cleaned_Data!D12:D61,A5,Cleaned_Data!F12:F61) -> 23.6 | E5: =SUMIF(Cleaned_Data!D12:D61,A5,Cleaned_Data!F12:F61) -> 354 | F5: =SUMIF(Cleaned_Data!D12:D61,A5,Cleaned_Data!H12:H61) -> 32 | G5: =AVERAGEIF(Cleaned_Data!D12:D61,A5,Cleaned_Data!I12:I61) -> 22.333333 | H5: =AVERAGEIF(Cleaned_Data!D12:D61,A5,Cleaned_Data!J12:J61) -> 3.7133333 | I5: =IF(E5=MAX($E$4:$E$6),"✓ YES — Highest total computers used","")
A6: Lab 3 | B6: =COUNTIF(Cleaned_Data!D12:D61,A6) -> 15 | C6: =AVERAGEIF(Cleaned_Data!D12:D61,A6,Cleaned_Data!E12:E61) -> 25.733333 | D6: =AVERAGEIF(Cleaned_Data!D12:D61,A6,Cleaned_Data!F12:F61) -> 22.066667 | E6: =SUMIF(Cleaned_Data!D12:D61,A6,Cleaned_Data!F12:F61) -> 331 | F6: =SUMIF(Cleaned_Data!D12:D61,A6,Cleaned_Data!H12:H61) -> 40 | G6: =AVERAGEIF(Cleaned_Data!D12:D61,A6,Cleaned_Data!I12:I61) -> 29.933333 | H6: =AVERAGEIF(Cleaned_Data!D12:D61,A6,Cleaned_Data!J12:J61) -> 3.22 | I6: =IF(E6=MAX($E$4:$E$6),"✓ YES — Highest total computers used","")
A8: Interpretation:
A9: Lab 1 hosts the most sessions (20 of 50) and records both the highest average and highest total number of computers used, making it the busiest and most heavily utilized laboratory. Lab 1 also carries the highest total equipment issues, which is consistent with it being the most heavily used room. Lab 3, despite having fewer sessions, shows a comparable average internet downtime, suggesting its network problems are not purely a function of usage volume and may point to a room-specific infrastructure issue.

Sheet Correlation_Analysis
A1: CORRELATION ANALYSIS — Internet Downtime vs. Instructor Rating
A3: Pearson Correlation Coefficient (r): | C3: =CORREL(Cleaned_Data!I12:I61,Cleaned_Data!J12:J61) -> -0.79638377
A5: Strength / Direction: | C5: =IF(ABS(C3)>=0.7,"Strong ",IF(ABS(C3)>=0.4,"Moderate ","Weak "))&IF(C3<0,"Negative","Positive")&" correlation" -> Strong Negative correlation
A7: Interpretation:
A8: The correlation coefficient shows a negative relationship between Internet Downtime and Instructor Rating (r ≈ -0.80). This means that as internet downtime increases during a laboratory session the instructors satisfaction rating for that session tends to decrease and vice versa. In terms unreliable internet connectivity is one of the strongest drivers of low instructor satisfaction with laboratory sessions. More so than equipment issues alone. And should be treated as a priority area, for operational improvement.
A10: Supporting Correlation Matrix (all numeric variables)
B11: Students_Present | C11: Computers_Used | D11: Hours_Used | E11: Equipment_Issues | F11: Internet_Downtime_Minutes | G11: Instructor_Rating
A12: Students_Present | B12: =CORREL(Cleaned_Data!E12:E61,Cleaned_Data!E12:E61) -> 1 | C12: =CORREL(Cleaned_Data!E12:E61,Cleaned_Data!F12:F61) -> 0.58742999 | D12: =CORREL(Cleaned_Data!E12:E61,Cleaned_Data!G12:G61) -> -0.18609471 | E12: =CORREL(Cleaned_Data!E12:E61,Cleaned_Data!H12:H61) -> -0.13620227 | F12: =CORREL(Cleaned_Data!E12:E61,Cleaned_Data!I12:I61) -> 0.16542833 | G12: =CORREL(Cleaned_Data!E12:E61,Cleaned_Data!J12:J61) -> -0.026955224
A13: Computers_Used | B13: =CORREL(Cleaned_Data!F12:F61,Cleaned_Data!E12:E61) -> 0.58742999 | C13: =CORREL(Cleaned_Data!F12:F61,Cleaned_Data!F12:F61) -> 1 | D13: =CORREL(Cleaned_Data!F12:F61,Cleaned_Data!G12:G61) -> -0.053947615 | E13: =CORREL(Cleaned_Data!F12:F61,Cleaned_Data!H12:H61) -> -0.15773966 | F13: =CORREL(Cleaned_Data!F12:F61,Cleaned_Data!I12:I61) -> 0.089803116 | G13: =CORREL(Cleaned_Data!F12:F61,Cleaned_Data!J12:J61) -> 0.022191135
A14: Hours_Used | B14: =CORREL(Cleaned_Data!G12:G61,Cleaned_Data!E12:E61) -> -0.18609471 | C14: =CORREL(Cleaned_Data!G12:G61,Cleaned_Data!F12:F61) -> -0.053947615 | D14: =CORREL(Cleaned_Data!G12:G61,Cleaned_Data!G12:G61) -> 1 | E14: =CORREL(Cleaned_Data!G12:G61,Cleaned_Data!H12:H61) -> 0.12067363 | F14: =CORREL(Cleaned_Data!G12:G61,Cleaned_Data!I12:I61) -> 0.13259015 | G14: =CORREL(Cleaned_Data!G12:G61,Cleaned_Data!J12:J61) -> -0.092878968
A15: Equipment_Issues | B15: =CORREL(Cleaned_Data!H12:H61,Cleaned_Data!E12:E61) -> -0.13620227 | C15: =CORREL(Cleaned_Data!H12:H61,Cleaned_Data!F12:F61) -> -0.15773966 | D15: =CORREL(Cleaned_Data!H12:H61,Cleaned_Data!G12:G61) -> 0.12067363 | E15: =CORREL(Cleaned_Data!H12:H61,Cleaned_Data!H12:H61) -> 1 | F15: =CORREL(Cleaned_Data!H12:H61,Cleaned_Data!I12:I61) -> 0.14632499 | G15: =CORREL(Cleaned_Data!H12:H61,Cleaned_Data!J12:J61) -> -0.58919618
A16: Internet_Downtime_Minutes | B16: =CORREL(Cleaned_Data!I12:I61,Cleaned_Data!E12:E61) -> 0.16542833 | C16: =CORREL(Cleaned_Data!I12:I61,Cleaned_Data!F12:F61) -> 0.089803116 | D16: =CORREL(Cleaned_Data!I12:I61,Cleaned_Data!G12:G61) -> 0.13259015 | E16: =CORREL(Cleaned_Data!I12:I61,Cleaned_Data!H12:H61) -> 0.14632499 | F16: =CORREL(Cleaned_Data!I12:I61,Cleaned_Data!I12:I61) -> 1 | G16: =CORREL(Cleaned_Data!I12:I61,Cleaned_Data!J12:J61) -> -0.79638377
A17: Instructor_Rating | B17: =CORREL(Cleaned_Data!J12:J61,Cleaned_Data!E12:E61) -> -0.026955224 | C17: =CORREL(Cleaned_Data!J12:J61,Cleaned_Data!F12:F61) -> 0.022191135 | D17: =CORREL(Cleaned_Data!J12:J61,Cleaned_Data!G12:G61) -> -0.092878968 | E17: =CORREL(Cleaned_Data!J12:J61,Cleaned_Data!H12:H61) -> -0.58919618 | F17: =CORREL(Cleaned_Data!J12:J61,Cleaned_Data!I12:I61) -> -0.79638377 | G17: =CORREL(Cleaned_Data!J12:J61,Cleaned_Data!J12:J61) -> 1

Sheet PivotTable_Summary
A1: PIVOTTABLE SUMMARY — Course x Lab Room
A4: Course | B4: Lab Room | C4: Number of Sessions | D4: Avg. Students Present | E4: Avg. Computers Used | F4: Total Computers Used | G4: Avg. Internet Downtime (min) | H4: Total Equipment Issues
A5: DBMS | B5: Lab 1 | C5: =COUNTIFS(Cleaned_Data!C12:C61,A5,Cleaned_Data!D12:D61,B5) -> 3 | D5: =IFERROR(AVERAGEIFS(Cleaned_Data!E12:E61,Cleaned_Data!C12:C61,A5,Cleaned_Data!D12:D61,B5),0) -> 34.666667 | E5: =IFERROR(AVERAGEIFS(Cleaned_Data!F12:F61,Cleaned_Data!C12:C61,A5,Cleaned_Data!D12:D61,B5),0) -> 33.333333 | F5: =SUMIFS(Cleaned_Data!F12:F61,Cleaned_Data!C12:C61,A5,Cleaned_Data!D12:D61,B5) -> 100 | G5: =IFERROR(AVERAGEIFS(Cleaned_Data!I12:I61,Cleaned_Data!C12:C61,A5,Cleaned_Data!D12:D61,B5),0) -> 22.666667 | H5: =SUMIFS(Cleaned_Data!H12:H61,Cleaned_Data!C12:C61,A5,Cleaned_Data!D12:D61,B5) -> 3
A6: DBMS | B6: Lab 2 | C6: =COUNTIFS(Cleaned_Data!C12:C61,A6,Cleaned_Data!D12:D61,B6) -> 5 | D6: =IFERROR(AVERAGEIFS(Cleaned_Data!E12:E61,Cleaned_Data!C12:C61,A6,Cleaned_Data!D12:D61,B6),0) -> 33.4 | E6: =IFERROR(AVERAGEIFS(Cleaned_Data!F12:F61,Cleaned_Data!C12:C61,A6,Cleaned_Data!D12:D61,B6),0) -> 24.8 | F6: =SUMIFS(Cleaned_Data!F12:F61,Cleaned_Data!C12:C61,A6,Cleaned_Data!D12:D61,B6) -> 124 | G6: =IFERROR(AVERAGEIFS(Cleaned_Data!I12:I61,Cleaned_Data!C12:C61,A6,Cleaned_Data!D12:D61,B6),0) -> 19.4 | H6: =SUMIFS(Cleaned_Data!H12:H61,Cleaned_Data!C12:C61,A6,Cleaned_Data!D12:D61,B6) -> 12
A7: DBMS | B7: Lab 3 | C7: =COUNTIFS(Cleaned_Data!C12:C61,A7,Cleaned_Data!D12:D61,B7) -> 4 | D7: =IFERROR(AVERAGEIFS(Cleaned_Data!E12:E61,Cleaned_Data!C12:C61,A7,Cleaned_Data!D12:D61,B7),0) -> 26.75 | E7: =IFERROR(AVERAGEIFS(Cleaned_Data!F12:F61,Cleaned_Data!C12:C61,A7,Cleaned_Data!D12:D61,B7),0) -> 21.75 | F7: =SUMIFS(Cleaned_Data!F12:F61,Cleaned_Data!C12:C61,A7,Cleaned_Data!D12:D61,B7) -> 87 | G7: =IFERROR(AVERAGEIFS(Cleaned_Data!I12:I61,Cleaned_Data!C12:C61,A7,Cleaned_Data!D12:D61,B7),0) -> 27.5 | H7: =SUMIFS(Cleaned_Data!H12:H61,Cleaned_Data!C12:C61,A7,Cleaned_Data!D12:D61,B7) -> 11
A8: Networking | B8: Lab 1 | C8: =COUNTIFS(Cleaned_Data!C12:C61,A8,Cleaned_Data!D12:D61,B8) -> 8 | D8: =IFERROR(AVERAGEIFS(Cleaned_Data!E12:E61,Cleaned_Data!C12:C61,A8,Cleaned_Data!D12:D61,B8),0) -> 28 | E8: =IFERROR(AVERAGEIFS(Cleaned_Data!F12:F61,Cleaned_Data!C12:C61,A8,Cleaned_Data!D12:D61,B8),0) -> 22.875 | F8: =SUMIFS(Cleaned_Data!F12:F61,Cleaned_Data!C12:C61,A8,Cleaned_Data!D12:D61,B8) -> 183 | G8: =IFERROR(AVERAGEIFS(Cleaned_Data!I12:I61,Cleaned_Data!C12:C61,A8,Cleaned_Data!D12:D61,B8),0) -> 26.875 | H8: =SUMIFS(Cleaned_Data!H12:H61,Cleaned_Data!C12:C61,A8,Cleaned_Data!D12:D61,B8) -> 20
A9: Networking | B9: Lab 2 | C9: =COUNTIFS(Cleaned_Data!C12:C61,A9,Cleaned_Data!D12:D61,B9) -> 4 | D9: =IFERROR(AVERAGEIFS(Cleaned_Data!E12:E61,Cleaned_Data!C12:C61,A9,Cleaned_Data!D12:D61,B9),0) -> 32.75 | E9: =IFERROR(AVERAGEIFS(Cleaned_Data!F12:F61,Cleaned_Data!C12:C61,A9,Cleaned_Data!D12:D61,B9),0) -> 26.25 | F9: =SUMIFS(Cleaned_Data!F12:F61,Cleaned_Data!C12:C61,A9,Cleaned_Data!D12:D61,B9) -> 105 | G9: =IFERROR(AVERAGEIFS(Cleaned_Data!I12:I61,Cleaned_Data!C12:C61,A9,Cleaned_Data!D12:D61,B9),0) -> 18.75 | H9: =SUMIFS(Cleaned_Data!H12:H61,Cleaned_Data!C12:C61,A9,Cleaned_Data!D12:D61,B9) -> 6
A10: Networking | B10: Lab 3 | C10: =COUNTIFS(Cleaned_Data!C12:C61,A10,Cleaned_Data!D12:D61,B10) -> 5 | D10: =IFERROR(AVERAGEIFS(Cleaned_Data!E12:E61,Cleaned_Data!C12:C61,A10,Cleaned_Data!D12:D61,B10),0) -> 24.4 | E10: =IFERROR(AVERAGEIFS(Cleaned_Data!F12:F61,Cleaned_Data!C12:C61,A10,Cleaned_Data!D12:D61,B10),0) -> 20.8 | F10: =SUMIFS(Cleaned_Data!F12:F61,Cleaned_Data!C12:C61,A10,Cleaned_Data!D12:D61,B10) -> 104 | G10: =IFERROR(AVERAGEIFS(Cleaned_Data!I12:I61,Cleaned_Data!C12:C61,A10,Cleaned_Data!D12:D61,B10),0) -> 37 | H10: =SUMIFS(Cleaned_Data!H12:H61,Cleaned_Data!C12:C61,A10,Cleaned_Data!D12:D61,B10) -> 13
A11: Programming | B11: Lab 1 | C11: =COUNTIFS(Cleaned_Data!C12:C61,A11,Cleaned_Data!D12:D61,B11) -> 4 | D11: =IFERROR(AVERAGEIFS(Cleaned_Data!E12:E61,Cleaned_Data!C12:C61,A11,Cleaned_Data!D12:D61,B11),0) -> 26.25 | E11: =IFERROR(AVERAGEIFS(Cleaned_Data!F12:F61,Cleaned_Data!C12:C61,A11,Cleaned_Data!D12:D61,B11),0) -> 25.5 | F11: =SUMIFS(Cleaned_Data!F12:F61,Cleaned_Data!C12:C61,A11,Cleaned_Data!D12:D61,B11) -> 102 | G11: =IFERROR(AVERAGEIFS(Cleaned_Data!I12:I61,Cleaned_Data!C12:C61,A11,Cleaned_Data!D12:D61,B11),0) -> 29.75 | H11: =SUMIFS(Cleaned_Data!H12:H61,Cleaned_Data!C12:C61,A11,Cleaned_Data!D12:D61,B11) -> 4
A12: Programming | B12: Lab 2 | C12: =COUNTIFS(Cleaned_Data!C12:C61,A12,Cleaned_Data!D12:D61,B12) -> 2 | D12: =IFERROR(AVERAGEIFS(Cleaned_Data!E12:E61,Cleaned_Data!C12:C61,A12,Cleaned_Data!D12:D61,B12),0) -> 17.5 | E12: =IFERROR(AVERAGEIFS(Cleaned_Data!F12:F61,Cleaned_Data!C12:C61,A12,Cleaned_Data!D12:D61,B12),0) -> 17.5 | F12: =SUMIFS(Cleaned_Data!F12:F61,Cleaned_Data!C12:C61,A12,Cleaned_Data!D12:D61,B12) -> 35 | G12: =IFERROR(AVERAGEIFS(Cleaned_Data!I12:I61,Cleaned_Data!C12:C61,A12,Cleaned_Data!D12:D61,B12),0) -> 17.5 | H12: =SUMIFS(Cleaned_Data!H12:H61,Cleaned_Data!C12:C61,A12,Cleaned_Data!D12:D61,B12) -> 3
A13: Programming | B13: Lab 3 | C13: =COUNTIFS(Cleaned_Data!C12:C61,A13,Cleaned_Data!D12:D61,B13) -> 3 | D13: =IFERROR(AVERAGEIFS(Cleaned_Data!E12:E61,Cleaned_Data!C12:C61,A13,Cleaned_Data!D12:D61,B13),0) -> 27 | E13: =IFERROR(AVERAGEIFS(Cleaned_Data!F12:F61,Cleaned_Data!C12:C61,A13,Cleaned_Data!D12:D61,B13),0) -> 25.333333 | F13: =SUMIFS(Cleaned_Data!F12:F61,Cleaned_Data!C12:C61,A13,Cleaned_Data!D12:D61,B13) -> 76 | G13: =IFERROR(AVERAGEIFS(Cleaned_Data!I12:I61,Cleaned_Data!C12:C61,A13,Cleaned_Data!D12:D61,B13),0) -> 33 | H13: =SUMIFS(Cleaned_Data!H12:H61,Cleaned_Data!C12:C61,A13,Cleaned_Data!D12:D61,B13) -> 7
A14: Web Development | B14: Lab 1 | C14: =COUNTIFS(Cleaned_Data!C12:C61,A14,Cleaned_Data!D12:D61,B14) -> 5 | D14: =IFERROR(AVERAGEIFS(Cleaned_Data!E12:E61,Cleaned_Data!C12:C61,A14,Cleaned_Data!D12:D61,B14),0) -> 28.4 | E14: =IFERROR(AVERAGEIFS(Cleaned_Data!F12:F61,Cleaned_Data!C12:C61,A14,Cleaned_Data!D12:D61,B14),0) -> 26 | F14: =SUMIFS(Cleaned_Data!F12:F61,Cleaned_Data!C12:C61,A14,Cleaned_Data!D12:D61,B14) -> 130 | G14: =IFERROR(AVERAGEIFS(Cleaned_Data!I12:I61,Cleaned_Data!C12:C61,A14,Cleaned_Data!D12:D61,B14),0) -> 38.4 | H14: =SUMIFS(Cleaned_Data!H12:H61,Cleaned_Data!C12:C61,A14,Cleaned_Data!D12:D61,B14) -> 10
A15: Web Development | B15: Lab 2 | C15: =COUNTIFS(Cleaned_Data!C12:C61,A15,Cleaned_Data!D12:D61,B15) -> 4 | D15: =IFERROR(AVERAGEIFS(Cleaned_Data!E12:E61,Cleaned_Data!C12:C61,A15,Cleaned_Data!D12:D61,B15),0) -> 26.5 | E15: =IFERROR(AVERAGEIFS(Cleaned_Data!F12:F61,Cleaned_Data!C12:C61,A15,Cleaned_Data!D12:D61,B15),0) -> 22.5 | F15: =SUMIFS(Cleaned_Data!F12:F61,Cleaned_Data!C12:C61,A15,Cleaned_Data!D12:D61,B15) -> 90 | G15: =IFERROR(AVERAGEIFS(Cleaned_Data!I12:I61,Cleaned_Data!C12:C61,A15,Cleaned_Data!D12:D61,B15),0) -> 32 | H15: =SUMIFS(Cleaned_Data!H12:H61,Cleaned_Data!C12:C61,A15,Cleaned_Data!D12:D61,B15) -> 11
A16: Web Development | B16: Lab 3 | C16: =COUNTIFS(Cleaned_Data!C12:C61,A16,Cleaned_Data!D12:D61,B16) -> 3 | D16: =IFERROR(AVERAGEIFS(Cleaned_Data!E12:E61,Cleaned_Data!C12:C61,A16,Cleaned_Data!D12:D61,B16),0) -> 25.333333 | E16: =IFERROR(AVERAGEIFS(Cleaned_Data!F12:F61,Cleaned_Data!C12:C61,A16,Cleaned_Data!D12:D61,B16),0) -> 21.333333 | F16: =SUMIFS(Cleaned_Data!F12:F61,Cleaned_Data!C12:C61,A16,Cleaned_Data!D12:D61,B16) -> 64 | G16: =IFERROR(AVERAGEIFS(Cleaned_Data!I12:I61,Cleaned_Data!C12:C61,A16,Cleaned_Data!D12:D61,B16),0) -> 18.333333 | H16: =SUMIFS(Cleaned_Data!H12:H61,Cleaned_Data!C12:C61,A16,Cleaned_Data!D12:D61,B16) -> 9
A17: GRAND TOTAL | C17: =SUM(C5:C16) -> 50 | D17: =AVERAGE(Cleaned_Data!E12:E61) -> 28 | E17: =AVERAGE(Cleaned_Data!F12:F61) -> 24 | F17: =SUM(Cleaned_Data!F12:F61) -> 1200 | G17: =AVERAGE(Cleaned_Data!I12:I61) -> 27.56 | H17: =SUM(Cleaned_Data!H12:H61) -> 109

Sheet Charts
A1: VISUAL ANALYSIS

Sheet Findings_Recommendations
A1: OPERATIONAL FINDINGS & RECOMMENDATIONS
A3: Top 5 Sessions Requiring Attention (Highest Internet Downtime)
A4: Record_ID | B4: Lab Room | C4: Course | D4: Internet Downtime (min) | E4: Equipment Issues | F4: Instructor Rating
A5: L7000 | B5: Lab 3 | C5: Programming | D5: 59 | E5: 0 | F5: 2.8
A6: L7045 | B6: Lab 3 | C6: DBMS | D6: 59 | E6: 1 | F6: 2.6
A7: L7017 | B7: Lab 1 | C7: Networking | D7: 58 | E7: 4 | F7: 2.3
A8: L7018 | B8: Lab 2 | C8: DBMS | D8: 58 | E8: 3 | F8: 1.9
A9: L7005 | B9: Lab 1 | C9: DBMS | D9: 54 | E9: 3 | F9: 2.8
A11: Patterns & Operational Issues Identified
A12: 1. Internet reliability is the reason instructors are unhappy. When there is downtime instructor ratings drop sharply. Sessions that have than 40 minutes of downtime always score below 3.0.
A14: 2. Lab 1 is the room. It hosts 20 out of 50 sessions uses the computers on average and in total. Lab 1 also reports the equipment problems. The heavy use is wearing Lab 1’s hardware faster than rooms.
A16: 3. DBMS sessions have the class sizes, about 31.5 students on average. They use the computers on average. These sessions put the load on lab hardware and network bandwidth at the same time.
A18: 4. Web Development sessions are the shortest, 2.0 hours on average. So they still experience real downtime and equipment problems. This shows that infrastructure issues are not just about how a room is used.
A20: 5. Equipment problems and internet downtime do not always match up in every room. For example Lab 3 has sessions but its downtime is similar to that of busier rooms. This points to a room‑specific network or infrastructure weakness that is not linked to overuse.
A22: Evidence-Based Recommendations
A24: 1. First upgrade the network in Lab 3 and Lab 1. Add an ISP link or a failover connection. These two rooms have the internet downtime on average and the most frequent downtime. Downtime is the factor that leads to low instructor ratings.
A26: 2. Next set up a maintenance schedule for Lab 1. Because Lab 1 has sessions and more equipment problems the schedule should match its heavy daily use. Lab 1 uses the computers on average and in total.
A27: 3. Move the DBMS sections, which have about 31.5 students on average to a lab room that has the most reliable equipment and network uptime.. Limit the size of DBMS sections. This will lower the strain on computers and bandwidth during those sessions.
A29: 4. Set up a real‑time issue‑logging and monitoring system, like a ticket for each session. Log equipment. Downtime as they happen. This lets IT staff spot recurring room‑specific problems faster, than waiting for a review.
